Title,GivenName,EmailAddress,CCType,CCNumber,Age,Occupation,TelephoneNumber,City,LoanAmount,Term,YearlyIncome,Status
Mrs.,Terry,TerryRMiller@superrito.com,Visa,4.54E+15,,Management accountant,035756 57 19,Hosena,1996,15,97658,Business Exception : Age is blank.
Mrs.,Edna,EdnaBParsons@gustr.com,Visa,4.72E+15,,Critical care nurse,06821 30 22 93,Neunkirchen,66531,10,94648,Business Exception : Age is blank.
Ms.,Amanda,AmandaAGooden@jourrapide.com,MasterCard,5.16E+15,12,Camp counselor,04741 55 30 39,Cappel,,13,40446,Business Exception : Loan amount is blank.
Mrs.,Holly,,MasterCard,5.32E+15,12,Medical equipment repairer,07531 64 39 86,Konstanz Allmannsdorf,78464,11,99550,Business Exception : Email address is blank.
Mr.,Chester,,Visa,4.54E+15,12,Ticket clerk,05193 26 21 83,Schneverdingen,129640,1,1901,Business Exception : Email address is blank.
Mr.,Robert,,Visa,4.49E+15,14,Payroll representative,06504 31 34 67,Thalfang,54424,14,40556,Business Exception : Email address is blank.
Mr.,Gregory,,Visa,4.56E+15,15,Private investigator,09209 30 83 15,Emtmannsberg,95517,14,74797,Business Exception : Email address is blank.
Mr.,Sheldon,,Visa,4.93E+15,15,Addictions nurse,08557 78 76 38,Mauth,994151,14,1073,Business Exception : Email address is blank.
Ms.,Peggy,,Visa,4.93E+15,15,Adjuster,06244 97 84 32,Gundersheim,67598,13,76252,Business Exception : Email address is blank.
Mr.,Eric,EricLSmith@dayrep.com,MasterCard,5.29E+15,15,Urology nurse,04323 11 19 33,Damsdorf,,13,52739,Business Exception : Loan amount is blank.
Mr.,Jesus,JesusTEdwards@dayrep.com,MasterCard,5.60E+15,15,Limousine driver,02676 74 54 76,Utzerath,,11,60932,Business Exception : Loan amount is blank.
Mrs.,Narcisa,NarcisaWChrisman@superrito.com,MasterCard,5.58E+15,15,Office support secretary,07709 92 83 95,Wutach,79879,10,59996,Business Exception : Age is not valid.
Ms.,Lori,LoriJSaavedra@teleworm.us,MasterCard,5.40E+15,15,Semiconductor assembler,089 94 19 46,Gräfelfing,82157,9,68677,Business Exception : Loan term is not valid.
Mrs.,Jan,JanJWhitlatch@superrito.com,MasterCard,5.55E+15,15,Concrete paving machine operator,09393 64 39 91,Rothenfels,97851,9,20891,Business Exception : Loan term is not valid.
Mr.,Charles,,MasterCard,5.14E+15,15,Ordnance handling expert,0931 57 44 39,Würzburg,97045,8,61573,Business Exception : Email address is blank.
Mr.,Curtis,,MasterCard,5.17E+15,15,Sheet metal worker,0931 75 44 08,Würzburg,97012,7,34472,Business Exception : Email address is blank.
Mr.,Gabriel,,MasterCard,5.18E+15,15,Local truck driver,08303 58 97 09,Sulzberg,87477,7,54659,Business Exception : Email address is blank.
Mrs.,Frances,FrancesFBeauchamp@teleworm.us,MasterCard,5.21E+15,15,Immigration inspector,07231 13 67 05,Pforzheim Nordoststadt,75175,5,35515,Business Exception : Age is not valid.
Mr.,Kenneth,KennethVLockard@dayrep.com,Visa,4.54E+15,45,General maintenance and repair worker,02684 56 92 66,Raubach,156316,5,3314,Business Exception : Loan amount is not valid.
Mrs.,Ethel,EthelFSchrecengost@einrot.com,Visa,4.53E+15,32,Building inspector,07522 14 62 51,Hergatz,88145,1,89789, 681650bdfe7a69004a4a92e9 
Mr.,Jeremy,JeremyJLangham@jourrapide.com,MasterCard,5.52E+15,45,U.S. deputy marshal,0911 70 12 89,Nürnberg,90227,1,99158, 681650c5fe7a69004a4a92ea 
Mrs.,Bethany,BethanyRJackson@cuvox.de,Visa,4.92E+15,45,Firefighter,06706 90 82 54,Münchwald,55595,15,57509,Business Exception : Loan term is not valid.
Mr.,Steve,SteveRHopkins@jourrapide.com,Visa,4.54E+15,33,Information systems manager,02564 54 27 18,Vreden,48691,15,24572,Business Exception : Loan term is not valid.
Mr.,Elbert,ElbertRJohns@rhyta.com,Visa,4.92E+15,45,Heat treating equipment tender,0431 64 02 70,Kiel,24148,15,49670,Business Exception : Loan term is not valid.
Ms.,Jeanette,JeanetteFGilmore@fleckens.hu,MasterCard,5.24E+15,45,Textile knitting,02045 42 97 71,Bottrop Vonderort,46242,15,51403,Business Exception : Loan term is not valid.
Ms.,Eloisa,EloisaAKeen@rhyta.com,MasterCard,5.14E+15,32,Office manager,06054 15 40 76,Bad Soden-Salmünster,63628,14,33593,Business Exception : Loan term is not valid.
Mrs.,Stacy,StacySMoore@teleworm.us,MasterCard,5.43E+15,45,Bindery machine setter,030 78 25 90,Berlin Niederschöneweide,12439,12,74455,Business Exception : Loan term is not valid.
Ms.,Theresa,TheresaCNicholes@dayrep.com,Visa,4.49E+15,33,Head hunter,035771 50 05,Bad Muskau,2951,12,55241,Business Exception : Loan term is not valid.
Mr.,Brian,BrianLHolmes@jourrapide.com,MasterCard,5.12E+15,45,Commercial photographer,02389 29 94 16,Bergkamen,59192,11,41357,Business Exception : Loan term is not valid.
Mr.,Larry,LarryAAlbert@superrito.com,MasterCard,5.12E+15,56,Housing relocator,040 11 70 67,Hamburg Billstedt,22113,10,47911, 681650d0fe7a69004a4a92eb 
Mr.,Jeffery,JefferyMHenry@dayrep.com,Visa,4.49E+15,56,Administrative manager,036692 83 38,Albersdorf,7646,10,30455, 681650d8fe7a69004a4a92ec 
Mrs.,Katrina,KatrinaGTolson@dayrep.com,MasterCard,5.48E+15,33,Tractor-trailer driver,09635 46 90 88,Bärnau,95667,8,,Business Exception : Yearly income is blank.
Mr.,Alfonso,AlfonsoJSmith@armyspy.com,Visa,4.93E+15,56,Stevedore,03571 99 10 11,Hoyerswerda,2966,8,,Business Exception : Yearly income is blank.
Mr.,Bennie,BennieAGunn@dayrep.com,Visa,4.72E+15,56,Roof bolter,03522 39 24 93,Großenhain,1553,8,,Business Exception : Yearly income is blank.
Mr.,Bryan,BryanPKerley@superrito.com,MasterCard,5.24E+15,56,Maintenance technician,034782 49 49,Mansfeld,6338,8,,Business Exception : Yearly income is blank.
Ms.,Marion,MarionCBaker@gustr.com,MasterCard,5.46E+15,56,Greenhouse manager,052 30 86 37,Arnsdorf,1475,7,43680,Business Exception : Loan term is not valid.
Ms.,Lena,LenaRCole@gustr.com,MasterCard,5.25E+15,56,Delivery service truck driver,06342 36 69 75,Schweighofen,76889,7,26548,Business Exception : Loan term is not valid.
Mr.,David,DavidFGonzales@gustr.com,Visa,4.93E+15,56,Marine,06734 22 28 79,Wendelsheim,55234,4,79305,Business Exception : Loan term is not valid.
Mr.,John,JohnMLewis@jourrapide.com,MasterCard,5.28E+15,56,Dean,089 85 27 72,München,80798,4,54823,Business Exception : Loan term is not valid.
Mr.,James,JamesJLowder@rhyta.com,MasterCard,5.20E+15,56,Film processing technician,034446 27 74,Engelsdorf,4439,1,8396, 681650e3fe7a69004a4a92ed 
Mr.,Elliott,ElliottMHernandez@fleckens.hu,MasterCard,5.29E+15,56,Employee welfare manager,05254 97 05 11,Paderborn Elsen,33104,3,66520, 681650ebfe7a69004a4a92ee 
Mr.,Abraham,AbrahamKValverde@gustr.com,MasterCard,5.40E+15,17,Operational meteorologist,07221 43 51 98,Baden-Baden,76534,3,58333,Business Exception : Age is not valid.
Ms.,Glenna,GlennaGLovett@rhyta.com,MasterCard,5.35E+15,17,Arbitrator,0201 18 38 05,Essen,45147,2,44032,Business Exception : Loan term is not valid.
Mrs.,Rhonda,RhondaPGallant@cuvox.de,Visa,4.49E+15,33,Cooling and freezing equipment tender,0971 27 74 02,Bad Kissingen,97688,2,95175,Business Exception : Loan term is not valid.
Mr.,Donald,DonaldSLoy@jourrapide.com,Visa,4.53E+15,24,Engineering technician,039324 93 48,Badingen,39579,2,63395,Business Exception : Loan term is not valid.
Mr.,Donald,DonaldDGard@einrot.com,Visa,4.93E+15,24,University dean,0421 14 27 24,Bremen Kattenesch,218277,1,1339,Business Exception : Loan amount is not valid.
Mr.,Roy,RoyMLadner@cuvox.de,Visa,4.93E+15,33,Lift truck operator,09861 19 86 43,Insingen,981610,1,2722,Business Exception : Loan amount is not valid.
Mrs.,Martha,MarthaFHall@teleworm.us,MasterCard,5.37E+15,16,"Extruding, forming, pressing",06571 30 84 15,Flußbach,54516,1,64072,Business Exception : Age is not valid.
Mrs.,Loretta,LorettaCLang@einrot.com,Visa,4.72E+15,16,Termite control technician,07245 76 37 19,Durmersheim,218277,1,95522,Business Exception : Age is not valid.
Mr.,Edward,EdwardJMeade@superrito.com,Visa,4.53E+15,16,Hotel desk clerk,06508 35 37 20,Hetzerath,54523,1,95831,Business Exception : Age is not valid.
Mr.,Charles,CharlesWRosado@dayrep.com,Visa,4.92E+15,16,Employee benefits specialist,06132 42 54 59,Ingelheim am Rhein,328277,1,418,Business Exception : Age is not valid.
Mrs.,Cindy,,MasterCard,5.34E+15,16,Architect,08441 61 52 31,Schweitenkirchen,485299,1,85471,Business Exception : Email address is blank.
Mr.,David,,Visa,4.49E+15,16,Gas compressor,07959 96 79 23,Rosenberg,73494,1,83862,Business Exception : Email address is blank.
Mr.,Fred,,MasterCard,5.34E+15,,Order clerk,08621 33 44 37,Trostberg,83308,1,47151,Business Exception : Email address is blank.
Ms.,Nancy,NancyCBrady@fleckens.hu,Visa,4.72E+15,,Computer operator,06872 22 36 51,Losheim,218277,1,418,Business Exception : Age is blank.
Mrs.,Shannon,ShannonJBlades@jourrapide.com,Visa,4.56E+15,16,Retail manager,0521 15 09 16,Bielefeld Gadderbaum,33617,1,30141,Business Exception : Age is not valid.
Ms.,Carol,CarolJWetherby@dayrep.com,Visa,4.56E+15,16,Applicator,0711 69 81 75,Stuttgart Zazenhausen,70439,1,97329,Business Exception : Age is not valid.
Ms.,Ruby,RubyMCornett@armyspy.com,MasterCard,5.47E+15,,Telecommunications line installer,06301 65 58 31,Otterberg,67697,1,46523,Business Exception : Age is blank.
Mrs.,Marcia,MarciaJVann@armyspy.com,MasterCard,5.19E+15,,News camera operator,06762 89 72 93,Kastellaun,56288,3,24512,Business Exception : Age is blank.
Mrs.,Doris,DorisJTurner@cuvox.de,Visa,4.56E+15,36,Metallurgical engineer,03302 71 94 28,Hennigsdorf,16752,3,65593, 681650f9fe7a69004a4a92ef 
Ms.,Rochelle,RochelleCLee@einrot.com,Visa,4.93E+15,37,Psychologist,0211 97 26 57,Düsseldorf Lichtenbroich,40472,3,27542, 68165101fe7a69004a4a92f0 
Mr.,Gerald,GeraldBFajardo@jourrapide.com,MasterCard,5.21E+15,37,Teletype operator,06362 54 35 71,Finkenbach-Gersweiler,,3,78145,Business Exception : Loan amount is blank.
Ms.,Carrie,CarrieWAnderson@superrito.com,MasterCard,5.19E+15,38,Real estate rental agent,09841 32 51 66,Bad Windsheim,,3,49907,Business Exception : Loan amount is blank.
Ms.,Frances,FrancesCGonzalez@fleckens.hu,MasterCard,5.15E+15,38,Parole officer,09721 73 56 28,Schweinfurt,,3,566,Business Exception : Loan amount is blank.
Mrs.,Mary,MaryJWilliams@cuvox.de,Visa,4.54E+15,38,Fork lift operator,06302 84 62 04,Münchweiler an der Alsenz,,3,986,Business Exception : Loan amount is blank.
Ms.,Carmen,CarmenVWhelchel@teleworm.us,MasterCard,5.17E+15,38,Municipal court judge,09356 40 19 63,Mittelsinn,,3,89764,Business Exception : Loan amount is blank.
Ms.,Helen,HelenIContreras@cuvox.de,MasterCard,5.17E+15,39,Food technologist,071 44 63 28,Reutlingen Lerchenbuckel,72762,3,,Business Exception : Yearly income is blank.
Mrs.,Tammy,TammyEEaddy@fleckens.hu,MasterCard,5.19E+15,40,Hospice nurse,08453 71 96 14,Ebenhausen,82067,3,,Business Exception : Yearly income is blank.
Mr.,Wayne,WaynePRamsey@einrot.com,MasterCard,5.36E+15,40,Footwear and accessory designer,0384 10 77 50,Bützow,918241,3,,Business Exception : Yearly income is blank.
Mr.,Phillip,PhillipPLayton@superrito.com,Visa,4.93E+15,41,Pamphlet binding worker,03423 86 93 75,Eilenburg,4832,3,,Business Exception : Yearly income is blank.
Mr.,Emmett,EmmettSSimmons@cuvox.de,Visa,4.49E+15,41,Forging machine operator,0208 70 66 72,Mülheim an der Ruhr,145472,3,,Business Exception : Yearly income is blank.
Mrs.,Sally,SallyTColon@dayrep.com,Visa,4.72E+15,42,Dental hygienist,05142 91 49 99,Habighorst,29359,3,40473, 6816510dfe7a69004a4a92f1 
Mr.,Brandon,BrandonDGreen@dayrep.com,MasterCard,5.40E+15,43,Commercial and industrial designer,04553 53 27 34,Geschendorf,23815,5,68443, 68165115fe7a69004a4a92f2 
Mr.,Ronald,RonaldMMiller@jourrapide.com,MasterCard,5.48E+15,46,Card punching machine operator,03631 53 11 55,Nordhausen,99722,6,58937,Business Exception : Loan term is not valid.
Mrs.,Claudette,,Visa,4.72E+15,46,Climatologist,09522 17 33 81,Ebelsbach,500,6,660,Business Exception : Email address is blank.
Mrs.,Shana,,MasterCard,5.22E+15,46,School and college counselor,07455 99 27 56,Dornhan,72175,6,20110,Business Exception : Email address is blank.
Mr.,Michael,,MasterCard,5.49E+15,48,Job binding worker,0911 67 31 69,Nürnberg,90244,6,97044,Business Exception : Email address is blank.
Mrs.,Lupe,LupeBDwight@cuvox.de,MasterCard,5.36E+15,48,Forensic nurse,0761 60 07 47,Freiburg Munzingen,79112,6,55425,Business Exception : Loan term is not valid.
Mr.,Luther,LutherBWhite@jourrapide.com,MasterCard,5.42E+15,50,Truck driver,06221 59 49 61,Heidelberg Peterstal,9118,6,2477,Business Exception : Loan term is not valid.
Mrs.,Cheryl,CherylGFitch@gustr.com,Visa,4.53E+15,52,Prosthodontist,02681 40 69 48,Fluterschen,,6,28704,Business Exception : Loan amount is blank.
Mrs.,Ann,AnnBGarrett@jourrapide.com,Visa,4.49E+15,53,Computer typesetter,04823 83 36 96,Wilster,,6,21937,Business Exception : Loan amount is blank.
Mr.,John,JohnMGriggs@superrito.com,Visa,4.56E+15,54,Gaming and sports runner,09221 31 62 95,Kulmbach,,6,5173,Business Exception : Loan amount is blank.
Ms.,Tammi,TammiMThompson@superrito.com,MasterCard,5.33E+15,54,Musical instrument tuner,0385 56 08 68,Schwerin,,6,41046,Business Exception : Loan amount is blank.
Mr.,James,JamesTBolanos@dayrep.com,Visa,4.93E+15,56,Cash manager,0721 42 02 60,Karlsruhe Weststadt,76133,6,90978,Business Exception : Loan term is not valid.
Mr.,Donald,DonaldSPinette@dayrep.com,MasterCard,5.45E+15,57,Computer,089 55 81 78,Ottobrunn,985502,6,8874,Business Exception : Loan term is not valid.
Mrs.,Christine,ChristineJBrown@armyspy.com,Visa,4.49E+15,57,Terrazzo worker,0711 68 23 26,Stuttgart Zuffenhausen,70376,6,69409,Business Exception : Loan term is not valid.
Mrs.,Joyce,JoyceJBurns@jourrapide.com,MasterCard,5.13E+15,57,Library media assistant,08628 62 15 53,Kienberg,183361,5,2841,Business Exception : Loan amount is not valid.
Mr.,Carlos,CarlosKHagans@dayrep.com,Visa,4.93E+15,58,Intructional coordinator,04193 47 56 06,Henstedt-Ulzburg,124547,5,515,Business Exception : Loan amount is not valid.
Mr.,James,JamesHMoore@jourrapide.com,Visa,4.93E+15,58,Pipelayer,07621 13 05 26,Lörrach Tüllingen,679541,10,89571,Business Exception : Loan amount is not valid.
Dr.,Edwin,EdwinOParson@superrito.com,Visa,4.56E+15,59,Real-time captioner,08207 13 88 47,Aindling,186445,10,7642,Business Exception : Loan amount is not valid.
Mr.,Jermaine,JermaineVBadgley@cuvox.de,MasterCard,5.21E+15,60,Songwriter,02602 73 34 82,Daubach,955566,10,666,Business Exception : Loan amount is not valid.
Ms.,Kara,KaraCLipscomb@superrito.com,Visa,4.72E+15,60,Usher,079 44 16 46,Heilbronn Frankenbach,74080,10,68132, 68165124fe7a69004a4a92f3 
Ms.,Melissa,MelissaGMarshall@dayrep.com,Visa,4.93E+15,63,Brazing worker,06569 72 84 55,Dahlem,54636,10,96405, 6816512cfe7a69004a4a92f4 
Mr.,Robert,RobertKArcher@armyspy.com,Visa,4.54E+15,64,Geoscientist,02375 32 14 45,Balve,58802,10,53162, 68165135fe7a69004a4a92f5 
Ms.,Linda,LindaEMurphy@armyspy.com,MasterCard,5.54E+15,65,Payroll clerk,04551 38 42 82,Bad Segeberg,823785,10,5641,Business Exception : Loan amount is not valid.
Mrs.,Elizabeth,ElizabethBWillis@dayrep.com,MasterCard,5.17E+15,68,Personnel analyst,040 25 76 35,Hamburg Barmbek-Süd,22305,10,62419, 6816513dfe7a69004a4a92f7 
Mr.,Norman,NormanEMurdock@gustr.com,MasterCard,5.23E+15,69,Stevedore,0711 76 72 96,Stuttgart Sonnenberg,70597,10,24735, 68165146fe7a69004a4a92f8 
Mrs.,Irene,IreneJConner@armyspy.com,Visa,4.49E+15,70,Procurement clerk,08230 17 43 16,Langweid,86460,10,76830, 6816514efe7a69004a4a92f9 
Mr.,Jesse,JesseKFreitas@dayrep.com,Visa,4.93E+15,72,Estimator project manager,09871 67 14 88,Neuendettelsau,991562,10,8092,Business Exception : Loan amount is not valid.
Mr.,Ralph,RalphLMitchell@teleworm.us,MasterCard,5.17E+15,73,Eligibility interviewer,07426 92 13 74,Gosheim,978559,10,5622,Business Exception : Loan amount is not valid.
